Time,V1,V2,V3,V4,V5,V6,V7,V8,V9,V10,V11,V12,V13,V14,V15,V16,V17,V18,V19,V20,V21,V22,V23,V24,V25,V26,V27,V28,Amount,Class,Hour
69195.0,1.054379033,-0.764756419,0.160168079,0.66558719,1.113466389,4.771655734,-1.536609434,1.306482668,1.565053588,-0.349941386,-1.238496458,0.608002177,-0.249115332,-0.933969226,-1.407873459,-0.191382613,-0.180853249,0.226980051,0.537470404,0.050995428,-0.097138187,-0.029759377,-0.171595743,1.047201095,0.69859476,-0.217938574,0.101969682,0.040151954,56.42,0,19.220833333333335
80769.0,-4.805133936,4.351191359,-0.916134986,-0.900752102,-0.870777374,-0.782946252,0.328104178,0.582500806,2.749335553,4.728059806,0.455161856,0.64973986,0.930378839,-1.6633251,1.334737589,-0.283320988,0.152339586,-0.950771496,-0.935567071,2.160192588,-0.854485788,-0.758266454,0.147004927,-0.021274329,0.552659647,0.00831802,0.431834957,-0.436239288,9.82,0,22.435833333333335
41182.0,-1.549833452,-0.261143159,1.556288637,-2.037816682,-0.366315315,-1.33431355,0.165405637,-0.025782058,-1.472750508,-0.172838142,-0.594841911,0.063059107,1.054185183,-0.17153517,0.19204089,-0.867482601,-0.348273763,0.743352274,-1.454672278,-0.347365418,-0.405655533,-0.951004628,-0.14775234,0.424100308,0.081844999,1.103559191,-0.502271464,-0.248822442,46.08,0,11.439444444444444
666.0,0.216343575,0.663182372,1.303520493,0.169218968,-0.404266109,-0.517287983,-0.036938086,-0.838220932,-0.528674579,-0.174777482,1.648466236,1.114947098,0.20215015,0.479423826,0.226420311,0.456002713,-0.558257913,-0.101938542,0.000758198,-0.184928818,0.552788329,-0.961205636,-0.014642261,0.525962357,0.750876878,0.141542961,0.045107027,0.127320759,3.58,0,0.185
160870.0,-0.273365286,0.825649098,0.555674288,0.384915218,1.343841674,1.984158794,0.321807988,0.510274985,-0.891463428,-0.115561128,0.952916295,-0.221254092,-0.86764648,0.974854665,2.44103526,-1.711022578,0.902399524,0.022271838,2.097231684,0.172187966,0.346481868,1.162889441,-0.557535106,-0.896145794,0.503552712,0.555129096,0.129099226,0.047570768,2.84,0,44.68611111111111
28583.0,-0.355558523,1.152167301,1.180383174,0.871709077,-0.110166707,-0.555447388,1.168808345,-0.304428763,-0.742217718,-0.189252564,-0.37077055,0.282446363,0.856522069,0.140151905,0.936969316,-0.349585541,-0.252451723,0.010119073,0.420896999,0.037387952,0.178682334,0.579649548,-0.131982338,0.427097217,-0.233495878,-0.349738082,0.073284724,0.145505791,76.5,0,7.939722222222223
40280.0,-2.875424642,-2.908256397,2.763027372,5.470226226,2.752348177,-0.942683814,-1.801120088,-0.314516761,-0.43820549,2.913523381,1.128803911,-0.189111901,-0.479582247,-0.599050866,0.523021428,0.175708957,-0.381547654,0.840590222,1.206682021,-0.337012053,-0.039485915,0.956967381,-0.399411265,0.630981291,-1.312128749,0.183928593,-0.247994538,0.015725786,83.0,0,11.188888888888888
166502.0,2.035383096,0.09596637,-1.809208273,0.236213227,0.639932932,-0.375276842,0.112440117,-0.092928184,0.20014413,-0.223526854,0.926396589,0.92542768,0.385549537,-0.733618088,-0.511107797,0.583827345,0.095285174,0.242888875,0.448614788,-0.093915037,-0.322736835,-0.862695895,0.278417504,0.195904135,-0.240187904,0.170379775,-0.066342702,-0.041267178,10.99,0,46.25055555555556
87862.0,-1.974774164,1.757830254,-0.198483188,-2.630908593,0.010096343,-1.656417543,0.859478,0.227337194,0.889918335,-0.075063367,-1.113672618,-0.225842686,-1.03214387,0.352995308,-0.356287399,0.345231092,-0.616021967,-0.761649536,-0.90931766,0.195245607,-0.366320085,-0.923971933,0.019876511,-0.058493176,0.113760065,0.386570397,0.395970167,0.333759912,1.0,0,24.406111111111112
82444.0,-0.414525326,0.548519006,-0.101306972,-1.098160407,3.016541704,3.199703767,0.416022657,0.716070553,-0.27960414,-0.134803696,-0.26144603,-0.251105033,-0.198689674,0.118298587,0.510323821,0.546561965,-1.304007242,0.166200064,-0.523717314,0.209043911,-0.226165982,-0.638127171,-0.090750506,0.945511499,0.176846424,-0.728539815,0.118644018,-0.118223597,10.84,0,22.90111111111111
130365.0,-1.352358416,1.563148419,-2.848575228,-0.544284834,-2.120193211,0.2620232,1.100693734,1.118282257,-0.184876889,-1.272966097,-2.255622672,0.258311283,-0.327135985,1.252486157,-1.24097572,0.324858266,0.182934488,-0.280570705,0.022516936,-1.046133783,0.217749361,0.566998513,0.461004882,0.542566129,-1.794697069,0.21709761,-0.330007665,-0.071858599,365.04,0,36.2125
60587.0,-0.972825221,-0.001629705,1.076618208,-1.827726703,-1.444956902,0.215024578,1.709805146,-0.261573413,-1.842029101,-0.041400707,0.678949216,-0.166635486,-0.07155706,0.173333907,-0.330559625,-0.764435772,-0.643672433,1.636052621,-0.865408301,-0.41394219,-0.310548893,-0.549447556,-0.076793364,0.028699273,0.33147174,0.952115615,-0.071219417,-0.036311827,318.0,0,16.829722222222223
87125.0,-1.103339576,0.702393875,-1.100974647,-2.494209391,1.10305271,-2.097876751,1.608393575,-0.421519558,0.913302947,-0.218180746,-1.207432254,-0.432878826,-1.395381006,0.371934137,-1.01564551,-0.571645754,-0.511585068,-0.750991117,-0.831186826,-0.154944805,-0.002805823,0.787495425,0.070577062,-0.028882174,-0.2003437,0.518187433,0.190251654,-0.199114287,1.0,0,24.20138888888889
8552.0,1.068577585,-0.037199143,2.002886323,1.743757339,-1.124371949,0.48998866,-1.07602711,0.215161485,2.328720651,-0.627009279,0.659963206,-1.35867478,2.591431527,0.629696587,-0.465085773,-0.211408718,0.765396833,-0.062016255,-1.127755107,-0.167300257,0.080148736,0.853703248,-0.034563581,0.397918089,0.359366481,-0.205452014,0.094988257,0.037312244,3.0,0,2.3755555555555556
80347.0,1.470319475,-1.306957958,1.082970341,-1.187971366,-1.962238236,-0.153578836,-1.569028344,0.046615272,-1.007225869,1.251236451,-1.210853471,-0.774465723,0.495392079,-0.981530118,-0.205485002,-0.377898772,0.598230452,0.168630388,0.052974655,-0.318581043,-0.263858665,-0.194857908,0.019175178,0.025995165,0.294306109,-0.173672293,0.077828176,0.029662856,16.95,0,22.31861111111111
84100.0,1.24427646,-0.148640977,0.702794261,0.188324325,-0.423649377,0.427922156,-0.707683537,0.21810531,0.392592289,0.050640597,0.314053162,0.609570642,0.548728877,-0.0246428,0.78673206,1.23249086,-1.280627141,0.978671966,0.296056852,-0.005007531,0.048269124,0.14915557,-0.132267506,-0.784652106,0.298544049,0.509887329,-0.003767737,0.007076617,10.0,0,23.36111111111111
67016.0,0.190290663,0.311515992,1.600028302,0.424589288,-0.622008615,0.224567072,-0.597115763,-0.52185999,0.824576196,-0.539658161,-0.80623004,-0.104192869,-1.175372812,0.038478175,0.376849056,0.306692116,-0.333482386,-0.285977888,-1.558357978,-0.478891683,0.817945361,-0.010773712,0.031393996,0.035359235,0.237315745,-0.526460063,0.268885661,0.276017382,1.0,0,18.615555555555556
114973.0,-1.593728814,-0.664025848,-0.627351115,0.073143036,1.467042168,-1.722175753,0.586531556,-0.779907074,0.969014979,1.047861477,-0.814593449,0.04453358,-0.082458261,-0.242173959,-0.070387921,-0.391624243,-0.473375767,-0.84882375,0.449728006,-1.055067973,-0.384366104,0.139728652,0.772529159,0.026084099,-2.15745948,-0.114602822,-0.173938989,0.48319348,1.29,0,31.936944444444446
147050.0,1.946600796,-0.469071637,-0.268669965,0.372501383,-0.857058185,-0.76971899,-0.501959746,-0.077734842,1.144094724,-0.006303377,-0.846245068,0.210983673,-0.238015767,-0.026493113,0.576044971,0.459701741,-0.486153927,-0.378335651,-0.083880437,-0.159599562,-0.203728838,-0.548277964,0.404318487,0.032456677,-0.661683468,0.269284748,-0.042034894,-0.038631454,35.0,0,40.84722222222222
130356.0,1.664932443,-1.097676917,-0.709087467,-0.773012194,-0.788090757,-0.485160297,-0.313369931,-0.10796557,1.042881652,-0.351783192,1.044707377,1.745400855,1.383093133,-0.028739106,0.370531761,0.543756296,-0.927808589,0.180270549,0.60423208,0.312272368,-0.017068738,-0.333757996,0.179345348,-0.281325132,-0.65868555,0.310228855,-0.070541742,-0.023986512,193.6,0,36.21
161585.0,-1.515692239,-1.238234088,0.758666457,-1.80184205,1.334342212,-1.493814893,-0.969457254,0.299324977,-0.732349513,-0.423207449,0.691135967,-0.804220616,-0.644537306,-1.893329438,-0.933906117,2.115421909,0.798093707,0.36304975,-0.034190724,0.575777018,0.40411071,0.746803795,-0.05449772,-0.467972304,0.105479254,-0.16231125,0.315036334,0.245886975,19.95,0,44.88472222222222
145598.0,1.99349084,-1.014166575,-0.449358461,-0.506247606,-0.987576842,-0.148209323,-0.887233973,0.030752008,-0.324522937,0.937690024,0.519737128,0.902027365,0.740201553,-0.085529867,-0.301078892,-0.871943397,-0.572602871,1.316273254,-0.473862563,-0.46087159,-0.555343819,-1.14648914,0.431354115,-0.438616164,-0.765248756,0.233816876,-0.021242895,-0.043578507,56.98,0,40.443888888888885
62997.0,0.866924081,-0.926949266,0.869153448,-0.98440479,-0.699114931,1.233282527,-1.011973241,0.587755472,1.805454459,-1.233378713,0.656343572,0.790406949,-0.192107197,0.106508942,3.378716491,-1.190475001,0.707006498,-1.142787455,-1.460241739,-0.053966282,0.441147578,1.357297577,-0.066242249,-0.924529436,0.128718826,-0.432309757,0.155876206,0.042471952,100.0,0,17.499166666666667
158556.0,-0.630810521,1.069751159,-0.650168648,-0.577270535,0.935259944,-0.785936741,0.870589728,-0.245649022,0.392695366,-0.259462851,-0.708944797,-0.378580867,-0.471505622,-1.102137423,-0.078027647,0.25629121,0.396795075,-0.270101203,-0.254749389,-0.140753149,-0.278390196,-0.854358821,0.245280054,0.480349226,-0.469456772,0.059147934,-0.513762505,0.223167547,2.58,0,44.04333333333334
125024.0,2.032900966,-0.542057252,-0.712253474,0.270373111,-0.359328754,0.162570348,-0.771353007,0.160711419,1.73086744,-0.128021315,-1.883505843,-0.580644796,-1.236628915,0.042876367,0.733052878,0.373552832,-0.689494668,0.64265195,0.050737094,-0.26424183,0.125210793,0.511094608,0.086820344,0.067445043,-0.035816238,-0.201185422,0.026091154,-0.039472188,9.99,0,34.72888888888889
164356.0,2.059103054,-1.326611144,-1.353174027,-1.451535239,0.96774713,4.047428279,-1.906473989,1.111488573,0.141935988,0.803590478,-0.323366381,0.098490355,0.377117449,-0.271360474,1.0079327,-0.936258793,-0.456120532,1.200764808,-1.17917987,-0.487425472,-0.347314195,-0.510406482,0.443335675,0.684226101,-0.676273605,0.48465141,0.030055521,-0.038554316,16.95,0,45.654444444444444
117160.0,-0.928804854,1.75160318,-1.254390999,-1.481963204,1.184075406,-1.03154222,1.499050829,-0.181596614,0.126826845,0.915415497,0.88269312,0.427750956,-0.67085841,0.694230945,-0.700524058,-0.582023926,-0.62482617,0.023955084,-0.036111828,0.454641845,0.179536796,0.898759351,-0.167730215,0.732327817,-0.14481727,0.056897746,0.807042799,0.504374911,0.52,0,32.544444444444444
45006.0,-2.381971141,0.362062919,0.793004094,-3.551153151,-0.884900437,0.415168716,-1.808937186,-5.470981665,1.446415166,-3.660764062,-1.320278176,1.470797371,0.369934455,0.293092921,0.437401403,0.378935504,-0.661825907,0.358969661,-0.528537628,0.750657166,-2.614080177,0.648355184,-2.836661048,-0.268585857,0.053652123,-1.057840446,0.474356253,0.057705896,451.87,0,12.501666666666667
41845.0,1.059795245,-0.251876407,1.097738686,1.533185591,-0.530131675,1.102058947,-0.675202535,0.479145199,1.084302616,-0.233737894,0.218748414,1.316273032,-0.757077907,-0.473549586,-2.329364563,-0.832710814,0.430724843,-0.694512549,0.590948019,-0.217058833,-0.390809298,-0.705372422,0.037176158,-0.313407191,0.423928679,-0.50525171,0.084047439,0.014242166,10.56,0,11.623611111111112
28125.0,-0.757134799,0.415429558,0.661756415,0.081973728,-0.565780612,0.271352013,0.371870937,0.682246083,-0.099029062,-0.698727631,-0.459392887,-0.696985437,-2.62364922,0.819675912,-0.806882915,0.338663406,-0.196668325,0.627134609,0.937784337,-0.04717021,-0.078697755,-0.589757583,0.139380123,-0.561324549,0.063112523,0.266946127,-0.186864586,-0.060745101,128.57,0,7.8125
145593.0,1.938397274,-0.682071683,-2.124616914,-0.649108852,0.242587401,-0.959864057,0.470447821,-0.413495895,0.878686252,-0.26436547,-1.666232715,-0.081483046,-0.217391744,0.434877662,0.239014264,-0.162792734,-0.429316605,-0.4852093,0.889761237,0.076051646,-0.139415676,-0.530836161,-0.042648664,-0.942934069,-0.014837661,0.817478698,-0.143246259,-0.065514351,135.7,0,40.4425
67195.0,1.1320823,-0.108570697,1.16065785,1.151087005,-0.781295098,0.310776982,-0.684736853,0.27229101,0.688871074,-0.026092561,0.571709495,0.940707237,-0.218408285,-0.138031582,-0.47285941,0.382324741,-0.607186177,0.569518462,0.205174949,-0.125301985,-0.034874172,0.058863079,-0.055732154,0.002013114,0.421534862,-0.405320685,0.066623852,0.024401578,9.99,0,18.665277777777778
121335.0,2.239947764,-0.35826174,-2.078365328,-0.80591842,0.167036003,-1.134583016,-0.031328783,-0.463399049,-0.683444928,0.247927124,-0.773090096,-0.183240542,1.504405067,-1.575546936,-0.28639789,1.174272164,0.993814511,-1.255272848,0.912197088,0.119182332,-0.066838911,-0.095304227,0.052401565,-0.77278781,0.130151913,-0.23978977,-0.019624104,-0.038564541,25.0,0,33.704166666666666
169435.0,-1.435384793,1.298316526,-0.496313657,-1.008273114,0.281347121,-0.692684299,0.372356413,0.709825599,-0.624705936,-0.671690881,0.061752014,1.180344421,0.520696461,0.779539863,-1.390978362,0.542007747,-0.656257672,-0.09530706,0.112127561,-0.298717805,-0.101343759,-0.455688383,0.110689651,-0.482956148,-0.521428639,0.058439136,-0.11048807,-0.009392356,2.69,0,47.06527777777778
58979.0,0.331669447,-2.31195725,-0.284209411,-0.322937832,-1.403897377,-0.23770379,0.145783142,-0.273758327,-0.788773874,0.372747135,-1.130071122,-0.16388052,0.971418409,0.003439585,1.19169088,-0.701465538,-0.445960619,1.180078508,-0.623587497,0.743989832,-0.312989723,-1.740625794,-0.352370345,-0.424142086,-0.198697477,0.735209958,-0.148870773,0.11050231,578.12,0,16.383055555555554
41012.0,-14.98149241,-15.7321363,-0.218518865,3.245119393,4.858063734,-2.112478826,0.75171402,-2.118374643,3.625797742,2.500539505,2.451882541,0.574877803,0.396911125,-2.788569549,0.966008867,0.867014271,-1.109496715,-1.631272992,1.214068506,-9.019504938,-3.726150958,0.983686866,4.692437111,0.033694576,2.088206393,1.081128007,-2.615365237,7.512250308,166.39,0,11.392222222222221
18128.0,-1.197711811,-1.077608656,2.163803879,-2.153069252,0.438751176,0.023123662,-0.25559556,0.158479511,2.554376583,-1.967144949,2.645034655,-0.920161453,2.036747647,1.001755869,-0.301060452,-0.716874103,0.534699026,0.078554708,-0.696019132,0.320405405,0.21268966,0.847355923,0.103805781,-0.288989841,0.134205863,-0.073911519,-0.187902891,-0.208474603,101.48,0,5.035555555555556
30336.0,0.756171349,-0.660487226,0.420782565,1.221896479,-0.730386269,-0.197979951,-0.00102062,-0.079361751,0.411575141,-0.144777183,-0.940526887,0.016926128,0.252008199,0.091883408,1.315973376,0.612015981,-0.788484637,0.508813685,-0.479656801,0.399976227,0.288721969,0.337925852,-0.385369624,-0.118325901,0.516484966,-0.253682831,0.001422784,0.070557795,255.14,0,8.426666666666666
150957.0,2.226794874,-0.486550346,-2.05571042,-0.90127694,-0.00863703,-1.621148746,0.279749642,-0.590428643,-1.061821079,0.908531856,-0.223835109,-0.40282317,0.30456628,0.325058175,-0.088515153,0.338373614,0.449405868,-1.829302597,0.519942722,0.016565883,0.379528788,1.048120727,-0.005966995,1.219522346,0.423852578,0.018115587,-0.084619095,-0.066601021,30.0,0,41.9325
144751.0,2.374791691,-0.895085806,-2.387107843,-1.518963645,-0.276515515,-1.842068767,0.189542855,-0.800797647,-2.262875644,1.712435935,-0.820178304,-0.438834882,1.23202114,0.081585325,-0.802224701,-1.478378214,0.731005841,-0.527473089,-0.002531616,-0.373188446,0.135645051,0.963498817,-0.184530202,0.065587133,0.690430594,0.297948038,-0.066411858,-0.083142136,32.0,0,40.20861111111111
135177.0,1.942067662,-1.258493934,-1.424925155,-1.065017824,0.020943293,0.938215599,-0.788444326,0.243429009,-0.12651337,0.607754118,-0.548431595,-0.614327359,-0.260777946,-0.088173719,0.818555988,0.162800318,0.966617149,-2.622839994,-0.313916943,0.04300202,0.288383003,0.759105707,0.156985614,-0.544106585,-0.248407061,-0.091126148,0.009421884,-0.050343701,94.95,0,37.549166666666665
136188.0,1.959507974,0.776830164,-1.109978486,3.823956409,0.770738136,-0.555780826,0.690898864,-0.393644869,-1.36310994,1.47610748,-1.061850323,0.42395374,1.243011465,0.143461061,-1.287467776,0.306342199,-0.673120324,-0.628149091,-1.510028685,-0.219819153,0.281978004,0.994294513,-0.087862362,0.106815779,0.473141112,0.286067935,-0.053867107,-0.060639894,8.0,0,37.83
936.0,0.912120324,-0.54894801,0.343671569,0.522707917,-0.732583293,-0.422368469,0.033422826,-0.029144302,0.326674454,-0.176647092,1.031354716,1.046927623,-0.357595089,0.202442348,-0.803533773,-0.081014914,-0.153247958,-0.205336432,0.594759792,0.195629832,-0.100750355,-0.496645069,-0.121345537,0.37695986,0.312083024,0.469908532,-0.073912659,0.024397959,158.0,0,0.26
151477.0,2.065097596,0.02162429,-1.906365638,0.197679649,0.620083749,-0.302617559,0.004621034,-0.001595447,0.419092593,-0.179300067,0.526513691,0.142871873,-0.936494009,-0.477621273,-0.349926286,0.701212174,0.103701569,0.468724651,0.531816952,-0.19286367,-0.35617659,-1.003573236,0.279257312,-0.030780436,-0.25747022,0.187588943,-0.073736115,-0.047658303,1.98,0,42.07694444444444
43858.0,-3.312834714,2.181914624,-0.762963116,0.311522371,2.215393113,4.913325207,-1.931966844,-3.412496275,-0.214841593,0.66328961,-1.218406093,0.222701786,-0.41988872,0.116200631,-1.50971894,0.757775978,-0.445158596,0.076837066,-0.992308033,-1.422575855,4.616781214,-1.752985602,0.312909697,0.929583818,0.322801741,-0.137468874,-0.532371001,0.269681224,3.75,0,12.182777777777778
44102.0,1.195512735,-0.834803697,0.123166405,0.087140023,-0.287121855,1.389408714,-0.90738354,0.379137612,-0.494921009,0.810880218,-0.665214104,-0.130661225,-0.179463755,0.005462404,0.070361584,-1.00195407,-0.623112615,2.127436213,-0.549453078,-0.407840203,-0.242305027,-0.238818776,-0.302513293,-1.733210861,0.604719438,-0.108566225,0.070796292,0.013961658,79.0,0,12.250555555555556
50422.0,-0.585148089,0.965516957,0.859292445,0.719296361,0.712202405,-0.356167838,0.751672791,-0.250123703,-0.547698106,0.006624385,-1.128718013,-0.008805892,0.913979885,0.076226921,1.032040412,-0.122903119,-0.552284323,0.270454255,0.762925869,-0.044634208,0.11536095,0.401589967,-0.327479676,-0.407548678,-0.151433279,-0.307644727,-0.047216938,0.161468828,29.9,0,14.00611111111111
156237.0,-4.485705199,0.783005034,-1.566494816,-0.536999798,-0.045983226,1.362497634,-1.349419159,2.243792162,-0.504610082,-1.305330147,0.29681941,1.569900805,-0.087562033,1.652314218,0.016332688,-0.605118143,1.32871324,-1.15282343,0.245966181,-1.568047004,-0.02032492,-0.199078881,-1.206815427,-0.587269002,0.278920289,0.118154443,-0.921096727,-0.788931616,131.56,0,43.399166666666666
141488.0,-0.657168077,1.370834712,-0.895394629,0.658570921,0.985514845,0.161397462,1.13651664,0.286926603,-0.93026659,0.026195606,-0.52056811,0.285463204,-0.243413703,0.926675251,-0.93939128,-0.557914054,-0.292502457,0.542975517,1.457429996,-0.053489606,0.137265587,0.564812407,-0.25517713,-1.145806515,0.178150048,-0.329689729,0.211679973,0.131463437,61.93,0,39.30222222222222
84102.0,-0.960502689,0.393849525,2.532105855,-2.149486495,-0.730028104,-0.876513718,0.06322371,0.1472399,1.278478793,-1.661666895,-0.503060822,0.193195048,-0.128263278,-0.264745609,1.541137849,0.289249218,-0.818202189,0.819567183,-0.655162405,0.052857695,0.276224789,0.924729907,-0.400483213,0.39268925,0.594955347,-0.656885038,0.351152307,0.143326209,9.99,0,23.361666666666668
89429.0,1.893759669,-0.475030439,-0.461039838,0.654260732,-0.665823794,-0.605944313,-0.398349182,-0.145982536,0.98418611,0.037065628,-0.814447501,0.595097021,0.696297508,-0.209764332,0.444294553,0.176987904,-0.504284298,-0.008814438,-0.506764955,-0.071453596,0.355493278,1.168488916,0.00554979,0.076380826,-0.079527069,0.537331775,-0.020441789,-0.040857455,59.4,0,24.84138888888889
130180.0,-0.523703142,0.437183806,1.650895104,-0.877690261,-0.152133842,-0.527900513,0.447490087,0.060978524,0.691361568,-1.163522657,-1.387360662,-0.285419514,-0.734774663,-0.191224525,-0.183184728,0.268163207,-0.735370848,0.439015585,-0.900377692,-0.204715992,0.323767071,1.018206762,-0.298966389,0.05571818,0.007238023,-0.260938781,0.146171111,0.150435165,22.72,0,36.16111111111111
70805.0,-1.232385509,0.623927335,1.503255072,1.470099902,-0.957659345,0.529888171,-0.024835625,0.591946897,0.152596046,-0.358313943,-1.037482167,-0.407263192,-1.157395477,0.194076079,0.720288313,-0.627972618,0.644597711,0.031179328,0.508309663,-0.293141609,0.244636517,0.862925254,0.143368055,0.087602236,-0.187090643,-0.102232544,-0.139077308,0.117512783,99.0,0,19.668055555555554
136439.0,1.191883082,-1.343127535,-2.471056587,0.627988012,0.026926645,-0.629675927,0.716087737,-0.179278332,0.287104803,-0.413102126,1.109483779,0.006920739,-1.613504377,-0.262503921,-0.317985952,0.413237739,0.629542731,0.388326736,0.078494358,0.632020013,0.065569818,-0.778225148,-0.125938328,0.611302773,-0.345433189,0.388520393,-0.17660969,0.026188422,436.95,0,37.89972222222222
147104.0,2.001943703,0.292347369,-1.575627198,1.388760681,0.543555182,-1.109603849,0.76344893,-0.507133493,-0.02300232,0.208127976,-0.720798346,1.108511385,1.21279458,0.243852887,-0.678529713,-0.806653032,-0.21039362,-0.838430077,-0.238207083,-0.178110008,0.075606578,0.487366756,-0.032197307,0.033413556,0.502632839,-0.495944687,-0.007743169,-0.056351192,22.99,0,40.86222222222222
44606.0,0.85679667,-0.446472068,0.439148014,0.777582888,-0.053028779,1.151670991,-0.288162277,0.463174546,0.52761946,-0.403121477,0.460435514,0.560478523,-0.904328305,0.239247734,0.947951477,-1.597342873,1.399926208,-2.654731406,-1.477509855,-0.141215887,-0.047877054,-0.036209053,0.114702842,-0.607782688,0.039158084,0.370547743,0.028437757,0.014787116,92.28,0,12.390555555555556
125432.0,-0.436685617,1.597148874,-1.514113544,0.954161261,1.397002219,-0.963647058,1.262148542,0.039027646,-1.508665496,-0.442229643,0.81912208,0.489503328,0.244438703,0.002048376,-0.326512842,-0.2184605,0.646268153,0.932532002,0.73202151,-0.158920178,0.354401962,1.002733195,-0.148047678,-0.465823289,-0.344842925,-0.404044655,0.011612026,0.163526713,21.99,0,34.84222222222222
73885.0,0.978998828,-1.489261754,-1.30066696,-1.643605786,1.169721076,3.305818049,-0.789614581,0.73456696,-0.950414563,0.551501604,0.065074539,-0.657475995,0.268055878,0.027013918,1.024619219,1.591483583,-0.279813493,-1.094746802,0.900486899,0.707311857,0.003902009,-0.826569869,-0.121821837,0.992184772,0.300458102,-0.4929301,-0.03420601,0.059643804,259.0,0,20.523611111111112
75944.0,1.159776998,-0.166247688,1.247188561,1.359353579,-1.161356496,-0.250870476,-0.706063893,0.209577239,1.20477752,-0.139084599,-1.141945548,-0.616217808,-2.032620393,0.050366374,0.40436309,0.174107855,-0.130026984,0.189810437,-0.196235917,-0.275247063,-0.088790142,-0.140095872,0.024491602,0.339248601,0.346659077,-0.401877252,0.05979943,0.033145843,4.99,0,21.095555555555556
125183.0,1.924834608,-0.532394912,-0.60804345,0.056050947,-0.532955431,-0.363938484,-0.523720429,0.071796346,0.761683657,0.2489125,0.51127898,0.30500888,-0.776277041,0.475332629,0.539085983,1.045437424,-1.066621372,0.438314821,0.23127632,-0.131051478,-0.159812738,-0.612064124,0.347070624,-0.534181428,-0.696511732,0.247420832,-0.063258792,-0.05219645,50.0,0,34.77305555555556
58206.0,1.261597556,-0.668093195,-0.02907515,-0.634701324,-0.950704795,-0.925465876,-0.259019965,-0.143364017,-1.142591927,0.881673361,1.008614191,-0.085092479,-0.975332203,0.679048067,0.137773882,-1.20180815,-0.130847314,1.369096627,-0.390278937,-0.427845161,-0.371056596,-0.808861802,0.000677258,0.33928886,0.22603761,0.990546586,-0.098378394,-0.001374206,65.9,0,16.168333333333333
150042.0,-1.54621744,-2.400654068,-0.034930314,-2.528216844,-1.142441867,-0.608703053,2.599683906,-0.807267832,-2.934355026,0.28230521,-0.645689437,-0.716561303,1.699580694,-0.501823256,-0.626332246,-0.567496366,0.033366967,-0.348145591,-0.93685957,1.268733301,0.13200561,-0.363086137,1.375784786,-0.104339487,0.357343694,-0.437211783,-0.322262633,-0.052949259,639.98,0,41.678333333333335
140253.0,-0.29502155,0.79485102,0.816377828,3.236927208,1.106729739,-0.634798928,0.651077595,0.008098757,-2.046329562,1.24958478,0.881473537,0.139466248,-0.263641986,0.588488244,-1.212378265,0.799979742,-0.926537714,0.366507907,-1.421500023,-0.038567676,0.497332878,1.182055519,0.080365401,0.532806705,-0.609198881,0.029221704,0.07607789,0.11650888,24.27,0,38.95916666666667
41751.0,1.561586776,-0.938498932,0.24375276,-1.441557628,-1.296484134,-0.745534903,-0.915768316,-0.225851136,-1.83001096,1.43969943,-0.901002388,-0.975268888,0.710114769,-0.362974843,0.588720203,-0.263008671,0.320886495,0.103878808,-0.056814274,-0.312127598,-0.247808062,-0.30214773,-0.0253414,-0.134543929,0.459297845,-0.175296308,0.030858784,0.01554632,10.0,0,11.5975
127548.0,-1.713797545,-1.475192928,-1.082322054,-0.472357718,-5.278258556,2.588775006,5.898837837,-1.00182781,-0.034007139,-1.58411454,-1.162007786,-1.247790207,-0.798741807,-0.045111338,0.702309777,0.492515753,-0.389319016,0.402471071,0.179538158,0.120401646,0.336561094,1.340015816,0.567284342,-0.007527788,0.011836225,1.667378671,0.510131492,-0.233636429,1376.56,0,35.43
48153.0,-0.662994561,0.209828605,1.37705353,-0.911523619,-0.181299399,-0.290370581,-0.001411408,0.110865601,-1.764358824,0.863821844,1.690903453,-0.302817831,-0.353299585,0.231611854,0.62191986,0.494290707,0.73121036,-1.544368391,1.851883862,0.317387392,-0.160213488,-0.549139937,0.07892597,-0.020227967,-0.454761807,-0.509570253,0.256917277,0.169175924,30.85,0,13.375833333333333
40115.0,1.283355416,-0.583568197,0.943967152,-0.613951384,-1.25627516,-0.565512082,-0.790686837,-0.055760432,-0.734629866,0.520358109,0.430003664,0.100338191,1.069797267,-0.437442624,1.109720858,0.963376793,0.477103906,-1.926264945,-0.054010674,0.134327685,0.153806126,0.382512553,0.10348593,0.422559974,0.164615323,-0.329485729,0.045157973,0.031496202,30.0,0,11.143055555555556
55581.0,1.423430966,-1.211009031,0.441620674,-1.401218138,-1.564055945,-0.62457481,-1.031504951,-0.142101106,-1.662321999,1.397298663,-0.928052243,-1.179595382,0.297857855,-0.331337099,0.833901656,-0.020503185,0.265280729,0.130402361,-0.068400804,-0.209430971,-0.36972613,-0.859510532,0.069689344,-0.179051871,0.164932388,-0.384025795,0.029195497,0.034245035,71.96,0,15.439166666666667
108102.0,-1.003909788,2.045757369,0.018401817,4.502642622,0.377347261,1.425179228,-0.392147794,1.146691511,-0.646096753,1.279916567,0.415372271,-2.753009971,0.912493614,2.401824926,-1.595538594,-0.137812779,1.182070083,1.010183217,1.50895345,0.123815258,0.060566386,0.495665811,-0.03111637,0.160820912,-0.426496149,0.436553242,0.322109955,0.139540002,16.65,0,30.028333333333332
73430.0,1.284143189,0.462737542,-0.371276665,0.825644153,0.464455556,-0.46673086,0.459672786,-0.186235629,-0.549594341,0.204380534,0.787650061,0.882732582,0.417110738,0.642421,-0.010536965,0.161756209,-0.835324622,0.301954797,0.29329724,-0.098584264,0.013440365,0.084371148,-0.246710419,-0.32557286,0.927623347,-0.272458798,-0.009997811,-0.005489193,0.89,0,20.397222222222222
22843.0,-0.900757251,1.643219505,0.384952931,0.39962817,-0.320460139,-0.342364299,-0.801501167,-2.333658448,0.399595074,-1.464236309,0.627763843,-2.304998456,0.756585852,2.627925913,-0.048083897,-0.170300079,1.159851472,-0.451446566,-0.886921508,0.297757784,-1.280021362,0.465456726,0.28037953,0.326959901,-0.436132308,0.217819427,-0.168605632,-0.008269074,10.0,0,6.345277777777778
75414.0,-1.484631544,1.473065275,0.565616122,-1.564473095,-0.347561061,-0.379995394,-0.16865096,0.97060499,-0.484085095,-0.720454476,0.33580051,1.120321585,0.96529523,0.500603501,-0.282570156,1.223214659,-0.9423242,0.37970207,-0.1299531,0.022323013,-0.023518389,-0.206264413,-0.085403917,-0.446750335,-0.13852672,0.759764356,0.116976421,0.089118635,3.84,0,20.948333333333334
58112.0,-1.033072729,0.782463078,1.813386777,1.19693402,-0.602142782,-0.035007388,-0.42774355,0.739720152,0.133287997,-0.477529003,-0.676640546,0.13847489,-0.634029015,0.143838011,0.45558204,-0.719999447,0.672413945,-0.184420303,0.075217483,0.014623373,0.255231261,0.89138312,-0.133380542,0.430088899,-0.157238268,-0.158494705,0.333703343,0.106705787,2.0,0,16.142222222222223
58173.0,1.430561669,-0.510433152,0.106859568,-0.947756114,-0.578375495,-0.231974924,-0.637758615,-0.068087497,-1.037856006,0.798410547,0.765054767,0.129589004,0.929932805,-0.18193464,0.027612647,1.492320866,-0.349821334,-0.472408114,0.99768029,0.152328271,0.353946429,0.991860815,-0.296498338,-0.424391988,0.767485011,0.035104717,0.005870191,-0.00460379,10.45,0,16.159166666666668
143270.0,-2.696982985,-0.567331489,0.65169544,-2.28667508,0.213026251,1.26958413,0.120063353,0.701421801,0.521817613,-1.278490087,0.748069093,0.591703609,-0.322595504,0.255390965,0.870524915,0.161906992,-0.263766299,-0.439324761,-0.944144205,-0.798949369,0.18201528,0.788345391,-0.455752868,-1.527274987,0.369941754,0.825137013,-0.466978681,0.022166806,154.0,0,39.797222222222224
57977.0,-2.919493273,-3.008293824,2.050852645,-0.977505716,-0.029546613,-0.324342257,-0.229710922,-0.021310203,-0.250581968,0.298445789,0.50339896,-0.146894074,-0.244297308,-1.090715231,-1.665709949,1.244227309,-0.034583488,-0.800762448,0.846998339,0.420049159,-0.015414659,0.141424238,0.015530261,0.042389456,0.54348712,-0.330889595,0.148679969,0.059376957,381.83,0,16.10472222222222
155755.0,1.718711689,-1.734107189,-0.648894265,-0.834787848,-1.382698188,-0.341268549,-0.899029897,0.033512274,-0.053321535,0.843081579,0.598424548,-0.399631203,-0.729914914,0.015723831,0.020814185,1.794857944,-0.307876844,-0.568958371,0.81732132,0.37003333,0.194824746,-0.027126547,0.135370654,-0.375711077,-0.608800532,-0.456570699,-0.036834948,-0.016273881,227.4,0,43.265277777777776
158140.0,-0.043723907,0.479515589,-0.757924173,-0.699608995,0.511894416,-1.303292873,2.143642811,-0.568835049,-0.408856512,-0.880820641,-0.939928287,0.205214585,0.154780421,0.448951052,-0.664007363,-0.841036328,-0.208287854,-0.509604124,0.024281712,0.152340493,0.292587588,0.751323447,0.030360203,0.103175998,0.309876262,0.183229198,-0.055860626,0.028076323,161.45,0,43.92777777777778
41633.0,-1.058899855,1.030889378,2.589372374,1.744811749,0.647218254,0.235468848,1.185466323,-1.047237842,-0.144233354,1.804433508,0.420571925,0.113911184,1.272829653,-1.376183554,0.832299384,0.001182564,-0.905172909,-0.632837604,-1.499504609,-0.04144684,0.12643004,0.974942878,-0.129316294,0.443386947,-0.210146751,-0.130798543,-1.507535402,-0.805886006,10.65,0,11.564722222222223
44715.0,0.989539127,-0.269733386,1.224888822,1.625076942,-0.654623034,0.933148669,-0.585895878,0.409358952,0.950829566,-0.266578017,0.633750083,1.806693374,-0.094278578,-0.590596344,-2.429539082,-0.958842655,0.509761988,-0.884578663,0.45488863,-0.132181719,-0.346063877,-0.598506833,0.046593863,0.020867091,0.395161026,-0.529903124,0.084595173,0.023250926,35.19,0,12.420833333333333
52669.0,-5.781779651,-5.610402638,0.806023433,1.807656956,-0.155928375,-0.18576966,-0.737711332,0.165588196,-0.662579709,0.863060147,0.995375357,0.519345955,0.281176951,-0.0600905,0.84592731,-1.192872636,0.179557372,1.821278013,-0.327046963,-1.024971359,-0.476797289,-0.195331892,-1.952154689,0.245963565,-0.186914904,-0.152046097,0.913163269,-1.099626088,540.54,0,14.630277777777778
138150.0,2.088584156,-1.691491899,-1.595303806,-1.685691292,-0.759631799,-0.128657532,-0.790197438,-0.10067247,-1.542420547,1.675169802,0.130492952,-0.424898256,-0.054932832,-0.04679533,-1.18377193,-0.457423006,0.254085788,0.19977608,0.604272584,-0.189655798,-0.341850834,-0.817482737,0.193133919,0.141550658,-0.228937595,-0.39206983,-0.037788566,-0.042788202,131.89,0,38.375
165898.0,-0.559515983,0.812800781,0.661112269,-0.419727764,0.659502449,-0.991984952,1.01447276,-0.283861494,-0.273849582,-0.603641312,-0.904144522,-0.310913586,-0.277694941,0.426690344,0.79925948,-0.441231947,-0.347105914,0.164053049,0.154481553,-0.120521412,0.331280311,0.996496478,-0.470980948,-0.039600086,0.324548205,-0.013446437,-0.004354122,0.116951761,19.95,0,46.08277777777778
72975.0,1.107732466,0.219140122,0.250286788,1.229161581,-0.313191339,-0.913136757,0.301353705,-0.141675457,-0.046366087,-0.013354159,0.167994686,0.004343719,-1.012624396,0.715334147,1.089850178,-0.483588576,0.164230474,-0.813770364,-0.846052917,-0.183366438,0.044043905,0.082099256,-0.018722157,0.593155567,0.542482646,-0.362395555,0.008330031,0.022989782,39.0,0,20.270833333333332
122234.0,0.202971041,0.25265642,1.729031567,0.574070407,1.044433048,0.707954655,1.764587888,-2.234229343,2.315859509,2.927204823,-0.294701049,-1.142925043,-0.340617968,-2.071566159,2.19806637,-1.615802519,-0.753521425,0.184370569,2.779194832,0.503321985,-0.391865844,0.39166728,0.100617723,0.450588464,-2.120103944,-0.761542054,-2.253384239,-1.711903864,28.26,0,33.95388888888889
121666.0,-0.113264066,0.545813195,-1.105721131,-1.068754795,2.861831855,3.555266566,0.134715476,0.893067258,-0.272742014,0.008818605,-0.064406978,-0.022574796,-0.254982625,0.392104426,0.729543811,-0.600081485,-0.05769914,-0.717041957,0.942445888,0.150403995,-0.25805551,-0.682585912,0.070494096,0.70788574,-0.476035454,0.352796223,0.178839028,0.09254515,10.48,0,33.79611111111111
96536.0,1.85797104,-0.028325678,-1.670877667,1.474284783,0.567249572,-0.580873916,0.491246483,-0.306004582,1.364631113,0.044026184,1.241146492,-2.036080632,0.542027265,2.326845534,-1.83244122,-0.427449862,0.284821655,0.332400304,-0.033359009,-0.214325038,-0.031796165,0.130833538,-0.10322379,-0.469413963,0.391724639,-0.530874988,-0.066009406,-0.069885001,87.99,0,26.815555555555555
155832.0,0.193631842,-0.558099774,-1.176275379,-2.374887404,-0.220976424,-1.415134558,1.561967084,-0.718819279,-2.964098486,0.887012521,-1.009006595,-1.045419168,0.652631318,0.083176777,-1.141854135,-1.47471757,0.707100333,-0.372092691,-0.327438612,-0.022013512,0.309159912,1.10460455,0.025367201,0.034109239,0.482194626,0.223010752,-0.051737896,0.020067073,188.9,0,43.28666666666667
161978.0,-0.118605475,0.865243942,-1.067080588,-1.316552864,1.60598611,-0.811387915,1.550777225,-0.221939007,-0.598844023,-0.315517634,0.319615209,0.222123085,-0.564643037,0.945063764,-0.765577679,-0.296423481,-0.819663185,0.34160078,0.332486001,0.027788795,0.279198985,0.868167728,-0.21108441,0.322064968,-0.258234512,0.062608056,0.373525948,0.263924384,24.0,0,44.99388888888889
145991.0,-0.00774774,0.895032901,2.128852455,2.660856701,0.358488322,1.035623581,0.25565412,0.191067907,-1.033163885,1.031333697,0.088894076,0.259627552,0.564662318,-0.598894317,-1.324706007,1.743211737,-1.705771204,0.746847656,-1.618562385,-0.073765194,0.126392541,0.490511517,0.000694447,-0.38703832,-0.770944425,-0.272381587,-0.061746263,-0.159079442,19.72,0,40.55305555555555
117418.0,-3.345190475,-0.137878362,-1.788472046,0.940392306,1.791887698,-0.220238098,1.069794831,-0.262033368,-0.417127225,1.26264415,0.284644151,0.549776776,0.644188013,0.568296956,0.139619232,-0.08817889,-0.748135092,0.378025234,1.418110079,-1.834818673,-0.322075501,0.751252672,0.817885573,-0.054680394,0.054801058,-0.528109657,-0.362238092,0.397886337,60.0,0,32.61611111111111
84637.0,1.241090417,-0.456280617,0.644432789,-0.895176503,-0.816700323,-0.062036263,-0.703960079,0.175053614,1.948486427,-1.104941425,-0.80371744,0.318881761,-0.587376903,-0.029156319,1.631481102,-0.549099668,-0.026413951,-0.009714511,0.404386822,-0.179854668,-0.027192392,0.178881138,-0.065143337,-0.45737595,0.478097096,-0.621466699,0.105369721,0.02509998,1.0,0,23.510277777777777
147779.0,2.043718611,0.292669004,-1.571024612,1.380270871,0.479161059,-1.140465955,0.66882833,-0.446628108,0.125635763,0.246699919,-0.885604988,0.594618785,0.244320173,0.430832622,-0.575467946,-0.76430813,-0.155926715,-0.724596377,-0.22467142,-0.284691234,0.051192128,0.419978056,-0.001237837,0.005876545,0.478070824,-0.490367115,-0.009893749,-0.062251593,1.0,0,41.04972222222222
166694.0,1.754304695,-1.361062688,-0.778908839,-0.468115962,-0.394924976,1.395427175,-1.073972515,0.42572212,-0.046914094,0.666923919,0.938532228,1.09372212,0.625029539,0.013768084,0.568321901,-2.118875242,0.227650307,0.79689361,-1.843313378,-0.482584886,0.156462151,1.036773243,0.036462163,-1.397408266,-0.271660669,0.031824761,0.086954945,-0.044751016,111.46,0,46.30388888888889
15923.0,0.894001121,0.10716418,0.573334166,2.533359395,-0.023634347,0.321279621,-0.000609175,0.0403266,0.475115243,0.406647788,1.437678061,-2.431559195,1.075226744,2.007015712,-0.697724676,1.257645091,-0.393537178,0.62511781,-0.613620306,0.103541531,-0.357872417,-1.280753853,-0.019893257,-0.485853249,0.126119269,-0.355911449,-0.0659706,0.033080034,154.27,0,4.423055555555556
144091.0,-2.895594806,-0.847084781,0.507533645,-0.544597191,1.930730148,-1.143030109,0.463778758,-1.391063047,0.753527072,1.009355932,0.503451292,-0.343893382,-1.707566708,-0.032785874,-0.544203766,0.199815406,-0.893528854,-0.080664152,0.665179661,-1.354974506,-0.070771755,-0.816854388,0.512701785,-0.338252936,0.086086139,0.229885205,0.26622481,-0.340402372,9.85,0,40.02527777777778
67107.0,-1.112531113,1.266211547,1.577757342,0.787857736,-1.029840344,-0.18283274,-0.24566962,0.42210576,-0.536483773,0.375846844,1.393728912,0.544217889,-0.003174097,0.432449231,1.307397368,-0.061387469,0.061904009,0.830010679,1.661496752,0.050228614,0.284330237,0.808456884,-0.104596229,0.591811267,-0.486239645,0.613495758,-0.862332243,-0.449407691,17.85,0,18.640833333333333
140610.0,-2.837914896,-4.602617946,-0.68160738,0.192140112,4.42415573,-2.52619689,-1.78694247,0.425444328,0.840457685,-0.258979165,-0.309609981,0.530685583,-1.072569732,0.628842748,-1.314325522,-0.214453847,-0.625928842,0.461950217,0.462019826,1.186621513,0.537695687,0.125526333,1.50360239,0.078228258,-1.699243048,-0.47055387,0.132183216,0.443387708,171.36,0,39.05833333333333
36635.0,-0.401057838,0.968503314,1.13281035,-0.173757935,0.355882826,-0.019684913,0.467596967,0.281241381,-0.508344715,-0.361345506,1.271068354,0.1375678,-0.772985084,-0.056408969,0.561665419,0.421703283,-0.035037393,0.117986653,-0.030408671,0.047278297,-0.216412544,-0.591597438,-0.030476559,-0.382490698,-0.2487108,0.107324984,0.252728894,0.079438872,2.58,0,10.176388888888889
139171.0,2.182412757,-0.337571841,-2.112895464,-1.703600894,0.461317495,-0.984481448,0.342766207,-0.411241635,1.433257629,-0.895518436,-1.059750826,0.954885457,0.873676149,0.265802455,0.623274362,-0.870246911,-0.327761881,-0.432355442,1.261687839,-0.105982049,-0.167203033,-0.237325478,0.085935975,0.134543064,0.261344254,-0.309991447,-0.030585146,-0.061267002,10.12,0,38.658611111111114
119352.0,2.057430639,-1.269460812,-0.816094079,-1.035291538,-0.847925001,0.170757802,-1.177000074,0.183684341,0.053370376,0.907042683,0.369758716,-0.534170674,-0.899498028,-0.087999779,-0.281201306,1.484483144,-0.156620931,-0.437746422,0.810845084,0.037934524,0.364631077,0.915916429,0.09052423,0.299661223,-0.18016801,-0.113635606,-0.011706434,-0.049716793,59.0,0,33.153333333333336
75739.0,-1.740961908,0.063597708,2.353951622,1.95549501,-0.137420559,0.513667615,-0.568289804,0.993183758,-0.002473625,-0.617155613,-1.81046108,-0.515756574,-1.761236284,-0.19271926,-1.73527804,0.198225202,0.244338947,-0.415999075,-1.593174725,-0.148339541,0.205376516,0.339677987,-0.142225747,0.066742781,0.162491014,0.029690951,-0.012585293,-0.075139338,44.62,0,21.038611111111113
131543.0,-0.232703821,0.457568947,1.104362076,-0.797269498,0.399692352,0.017015168,0.258821644,0.152358591,0.059819963,-0.676824506,0.788297162,1.16891666,0.91960898,-0.081476882,-0.267145657,0.408820967,-1.099480861,0.867808318,-0.227204165,-0.028934845,0.416395926,1.253241314,-0.063478322,0.802223057,-0.749537396,-0.430984868,0.241322753,0.230760226,10.62,0,36.539722222222224
39293.0,-0.704586986,1.044886695,0.847231315,0.794175858,-0.162591821,0.044288876,0.403070977,0.571989441,-0.991133017,-0.340933897,1.102259655,0.351888932,-0.833955736,1.054140561,0.616129611,-0.250465072,0.050068844,0.317192331,0.351917304,-0.077321167,0.299601231,0.65586514,0.034624556,0.005873996,-0.343201217,-0.319162978,0.038048611,0.090348432,59.37,0,10.914722222222222
124679.0,-0.830428539,1.428357766,-2.518228902,-2.328439302,3.446010732,2.8862161,0.769513024,-0.185872926,-0.039129333,0.337436571,-0.103595205,-0.039601315,-0.494573475,0.777942149,0.260983099,-0.789155967,-0.444144647,-0.527955938,-0.333808154,0.079354363,0.967281895,0.492871251,-0.068072385,0.731275993,-0.163432718,0.111139388,0.519079283,0.393773673,0.77,0,34.63305555555556
52374.0,1.162428441,-1.091016995,1.159322668,-0.497876905,-1.806115715,-0.284371348,-1.212105841,0.172326731,-0.249320381,0.668443469,1.174532321,-0.160449308,-0.721576917,-0.31960724,-0.254103722,1.370094108,0.185982979,-0.477983622,0.655388929,0.168321655,0.405782688,1.005993839,-0.142605065,0.580784599,0.344812722,-0.08159135,0.027366229,0.02808368,81.0,0,14.548333333333334
40826.0,-1.740199547,1.254907143,0.757776552,-0.144551126,0.077509957,0.635936311,0.298341693,0.946539252,-0.824665229,-1.21687675,-0.528989311,1.363079192,1.27924548,0.275343229,-1.552992501,0.674760367,-0.785561439,0.416919532,0.303584532,-0.20546827,-0.123769461,-0.594349005,-0.339654007,-1.024235446,0.768047615,-0.561845783,-0.291607116,-0.138708855,75.22,0,11.340555555555556
156350.0,2.09984638,0.189231008,-2.017704464,0.361949569,0.530525187,-1.090048843,0.276680501,-0.358789194,0.617636581,-0.477965975,-0.994339177,-0.098444766,0.290346042,-0.804602677,0.935732317,0.414946273,0.114164024,0.726296649,-0.151948905,-0.160724844,0.15128861,0.613312942,-0.120122205,-0.774824426,0.357095881,-0.057944526,-0.003318212,-0.037447127,8.9,0,43.43055555555556
134329.0,2.131254344,-1.019960614,-0.749937616,-1.151543609,-0.599465803,0.238183637,-1.069024401,0.116153539,-0.201643028,0.854334107,0.460036964,0.251810911,0.639177574,-0.371354806,-0.432930822,1.650151581,-0.402553397,-0.820177601,1.152555434,0.091411309,-0.02351618,-0.149452003,0.309817214,0.073339323,-0.420050768,-0.502618518,0.001684251,-0.04525361,31.0,0,37.31361111111111
156655.0,1.898179422,-0.326591797,-1.464999368,0.198214508,0.154166897,-0.505025665,0.093454411,-0.116230275,0.413190923,0.145200873,0.986746727,0.762441081,-0.382187881,0.741094297,0.216453642,0.005867539,-0.705341802,0.474582966,-0.05376769,-0.099876016,0.348629281,0.93564268,-0.020535283,0.734054212,0.186087968,-0.157764618,-0.036943833,-0.050208466,68.0,0,43.515277777777776
139387.0,2.145062845,-1.404366364,-1.83765343,-2.041960238,0.112521776,1.013922751,-0.923644978,0.242113352,-1.96479601,1.684652058,1.207753752,-0.194271566,0.130433305,0.312028777,0.306938033,-1.231579923,0.940097935,-1.171906132,-0.792447677,-0.451506036,-0.191129277,-0.169361085,0.337953159,-0.780691269,-0.383425464,-0.244807134,0.014731987,-0.071500322,43.0,0,38.71861111111111
71399.0,-1.039002679,1.059543469,0.755489096,0.123509954,-1.108172959,1.032361491,0.211319834,0.895595483,-0.279491272,-0.519541434,1.326844488,1.143084241,0.223866234,0.427670561,0.357041619,0.61661148,-0.492736929,-0.146408654,-1.753042294,-0.516439511,0.271865952,0.749780249,0.231996788,-0.318319626,-0.825304487,-0.709412252,-0.43896291,-0.352014915,166.0,0,19.833055555555557
118070.0,1.983607527,0.039532804,-2.228562975,0.139876726,1.427567866,0.424070954,0.525929033,-0.068922121,0.20157333,-0.18161615,-0.080553796,1.097116034,0.792997542,0.524365968,0.548351303,-1.826780214,0.674732987,-2.078113808,-0.950841044,-0.278003271,0.21929947,0.996830678,0.027402636,-0.26953927,0.393815295,-0.004313393,0.002292278,-0.077478782,3.55,0,32.797222222222224
47081.0,1.09928571,-0.344919292,1.173362988,0.839818722,-1.013846781,0.150195317,-0.745119324,0.264324141,1.078086974,-0.263769855,-0.683664427,-0.012064642,-0.984908973,-0.172616335,0.565437771,-0.079452661,0.162474306,-0.556375163,-0.398320889,-0.156764563,-0.063794303,-0.049292401,0.055841342,0.095923654,0.140102023,0.347374287,0.022999783,0.025200679,28.75,0,13.078055555555556
74745.0,1.272176367,0.169924869,-0.179971299,1.062220716,0.52113991,0.614676125,0.017768004,0.087789318,0.419398253,-0.114285252,-1.824942136,-0.045081396,-0.098061986,0.022784387,0.031037791,-0.305479689,-0.233494537,-0.496386172,0.162940224,-0.167845299,-0.199115064,-0.329120896,-0.228424917,-1.313536521,0.844640504,-0.224776172,0.03753611,0.000580513,3.76,0,20.7625
80955.0,-0.382669426,0.638895919,1.914391625,0.017511068,-0.25484453,-0.041909729,0.449530489,0.079824857,-0.3580011,-0.629112521,-0.069563192,0.550122798,1.147607083,-0.235388616,1.238617964,0.152898396,-0.31479265,-0.525180206,-0.561101206,0.106323179,0.053232663,0.118612966,0.07969148,0.109222663,-0.293799186,0.197836711,0.025821296,0.034320961,53.0,0,22.4875
38603.0,-0.114068712,-2.3684573,-0.894009149,0.405112413,-0.791225189,0.057883539,0.876277685,-0.123968438,0.109894037,-0.427383193,1.024354753,0.599551065,-0.781546778,0.680154572,-0.106682156,-0.20710884,0.049559245,-0.368286204,0.2029112,1.277227219,0.385261665,-0.370745054,-0.719188437,-0.197567564,0.199785192,1.082797093,-0.221489688,0.095630134,706.0,0,10.723055555555556
144977.0,-3.943441381,-5.665004717,0.663471608,2.714063603,4.634314102,-2.793901891,-2.728948145,0.665982816,1.04332522,0.027073978,-1.934962505,-0.459465126,-2.11433191,0.418097542,-0.59662022,-0.885348011,0.435645533,-0.105448239,1.109331407,1.641516634,0.194148983,-1.235887457,1.935829847,0.495486456,-1.255645754,-1.161084311,0.074835823,0.41992474,219.99,0,40.271388888888886
61375.0,1.266269663,-0.117306104,0.473608008,-0.2529629,-0.614687859,-0.52166254,-0.355945255,0.033388491,0.238621391,-0.027207125,1.083879631,0.52064966,-0.425355729,0.411236749,0.633525059,0.724383755,-0.705712417,0.249831953,0.447699688,-0.080191324,-0.111173953,-0.36461674,0.051188283,0.045792125,0.114663025,0.909525901,-0.078182996,-0.005488866,0.77,0,17.04861111111111
144124.0,-0.029476213,0.154580856,0.908355808,-0.816014023,1.002242582,2.054639743,0.027153407,0.444691453,0.955980357,-0.705834381,-0.192947705,0.55077598,0.310710903,-0.54696601,1.17344872,-1.198858379,0.384140937,-1.626745352,-1.947397468,-0.230467304,0.331087849,1.411415185,-0.003782671,-0.660083122,-0.617376075,-0.227932405,-0.142522991,-0.221112338,9.99,0,40.034444444444446
60553.0,-0.319199742,1.14627819,0.813204788,0.936871591,-0.366514917,-0.676953499,0.173471576,0.445136985,-0.839707807,-0.165584614,1.093146981,0.382687678,-0.874857122,1.001869747,0.356930529,0.026482385,-0.167900916,0.649182901,0.563085787,-0.206781076,0.224271384,0.501881507,-0.052197772,0.52370865,-0.223397391,-0.35489083,-0.04997633,-0.028737797,1.18,0,16.82027777777778
71370.0,-0.58898865,1.20832232,0.388198879,0.796487521,-0.438062336,-0.124092349,0.556350108,0.306841869,-0.771359699,-0.021876656,0.735535739,0.469001608,-0.2073189,0.776174573,0.36715807,0.172641325,-0.424902935,0.746979127,0.765717327,-0.22984538,0.204904011,0.455891995,-0.053999896,0.0044144,-0.13965627,-0.344774657,-0.25993449,-0.070471867,85.25,0,19.825
55098.0,1.301336955,-0.608985639,0.557922005,-0.770696739,-1.049825062,-0.447603686,-0.746205547,0.13352537,-0.895994665,0.775171654,1.70392989,-0.417000969,-1.337836693,0.394817079,0.461959052,1.107580929,0.418951537,-1.508665498,0.510787898,-0.040627025,-0.058325758,-0.375588838,0.207366703,0.154731109,0.044861081,-0.512668883,0.009565981,0.008072961,12.9,0,15.305
111572.0,2.145934586,0.210323288,-2.406487611,-0.004365358,1.188601568,-0.905706342,0.759160475,-0.626374701,1.367552594,-0.398065782,-0.186433736,-1.987002109,2.726686273,1.991313932,-0.377249911,-0.47442165,0.126927456,-0.117313027,0.179402255,-0.111275349,-0.028843666,0.267578242,-0.123599221,0.058769932,0.559229066,0.205613655,-0.117137455,-0.078721312,31.29,0,30.99222222222222
148711.0,2.238413409,-0.319051549,-2.043171806,-0.823463364,0.227951576,-0.969527768,-0.08863384,-0.396281499,-0.734299147,0.242668029,-0.384461028,-0.047720249,1.505413011,-1.577878897,-0.282212438,1.068539233,1.126866768,-1.372907769,0.759917402,0.118954045,-0.048902935,-0.060551758,0.151157242,0.41609223,0.095511289,-0.300616652,-0.021748994,-0.02863747,15.0,0,41.30861111111111
76000.0,0.213728886,0.623135657,-0.259558059,-0.152126985,2.262088118,3.579711647,-0.187220394,0.877580378,-0.697998235,0.110296858,-0.049163209,-0.264466908,0.135283124,0.427360924,1.901135217,-0.066520447,-0.325743768,0.2912447,1.960601286,0.251489805,-0.193588405,-0.663298774,0.088674967,1.00532555,-0.676411799,0.251660747,0.105657957,0.088634422,1.29,0,21.11111111111111
43034.0,-0.485588119,0.287403392,1.233630013,-2.15015366,0.37240729,0.257327391,0.16185111,0.134850156,-1.261851588,0.005191212,-1.256028055,-0.745969543,1.128693366,-0.597836375,0.478383218,1.481197679,-0.283953494,-1.615211084,0.193594714,0.298954193,-0.161419313,-0.510452791,-0.251421426,-1.338004128,0.529351771,-0.429691278,0.218115193,0.022222659,15.0,0,11.953888888888889
71578.0,-4.62160507,4.131824124,-2.108732426,-0.18479276,-2.51692821,-1.158238116,-1.941127212,3.141380317,-0.306617277,0.548996298,0.637610999,1.814923568,0.482837103,1.417408086,0.047862975,1.277823604,0.863462609,0.49200943,-0.080051113,0.380403433,-0.160239457,-0.843983902,0.382318734,0.246195372,0.37679044,0.104520942,0.210864105,0.125956555,10.77,0,19.88277777777778
85875.0,-4.967930341,5.234993053,-3.186866528,0.84085561,-2.42336276,-0.282937925,-4.023880475,-4.933262289,-0.458978114,0.340325249,-1.159222847,1.704160488,-0.067751843,2.627481123,0.288422917,0.163305385,1.461545661,0.050001589,-0.183107369,-0.289687118,3.602259089,-0.668063824,1.38022418,0.590676705,-0.303266463,-0.37846924,0.369106669,0.252871789,0.89,0,23.854166666666668
138244.0,-1.859022811,2.322978275,-1.559706004,2.596405036,0.928619781,0.535157911,0.086527858,0.361586149,-2.292601081,0.719887849,-0.780694814,0.585944941,0.141094121,1.296448927,-2.697535093,1.040094523,-0.622400886,0.139107062,-0.992777649,-0.973951959,1.028771578,0.188286225,0.28414511,0.170649673,-0.671189177,-0.225299265,-0.434570847,-0.0045431,34.05,0,38.40111111111111
37890.0,0.35750775,-1.468973392,-0.111645889,0.86105674,-0.671098927,0.380668569,0.27450066,0.113432584,0.337272581,-0.250312913,0.812868387,0.632931138,-0.988605552,0.420116676,-0.465466303,-0.174814294,0.02208379,-0.377912615,0.178677431,0.672410086,0.06600778,-0.635557511,-0.365784684,-0.262931116,0.183889968,0.365316762,-0.104383575,0.065812694,429.04,0,10.525
89779.0,-0.361852904,1.234133009,-0.903425564,-0.792275665,0.89482887,-0.311825038,0.670585476,0.313752825,-0.009929034,-0.352665922,0.472663891,0.163516132,-0.606435156,-0.681437392,-0.827614886,0.708899126,0.047687703,0.495986632,0.199135352,0.089074832,-0.367827312,-0.865432461,0.053269877,0.0702334,-0.367698605,0.102729976,0.042034894,-0.169821251,12.28,0,24.93861111111111
121839.0,-0.161038911,0.784084437,-1.566880318,-1.625064849,3.150649491,3.296641735,0.604788756,0.570951775,0.247687769,0.367467559,-0.063222576,-0.168867484,-0.280126655,0.326011349,0.939463141,-0.627110463,-0.674271127,-0.000775139,-0.107725004,0.228924014,0.300324556,1.212664412,-0.10362575,0.734447522,-0.740269552,-0.23518758,0.337481089,0.15036435,3.98,0,33.844166666666666
33723.0,1.196459004,-0.141609889,-0.058354465,1.008190405,0.229643812,0.855361454,-0.255928235,0.243228531,0.553275623,0.062353363,-0.884407494,0.039938858,-0.927513541,0.154496242,-0.889508709,0.376885453,-0.825491218,0.79746822,0.899267406,-0.08491432,-0.13259741,-0.29479493,-0.347294953,-1.396815257,0.854606455,-0.209652503,0.020250641,-0.000227335,43.89,0,9.3675
152375.0,-1.005364165,1.536838581,-1.429702371,-0.68899832,0.459725965,-0.482108125,0.085630875,0.909224451,-0.271953362,-0.671912206,0.344270504,0.513554488,-0.393055284,-0.219260084,-0.901720822,0.876382629,0.33264748,0.509534786,0.172842617,-0.145994124,-0.266205799,-0.865336042,0.244785051,0.157841965,-0.31251004,0.119938881,-0.034974434,-0.017115073,9.53,0,42.326388888888886
154845.0,2.019619469,-0.577082825,-0.293905666,0.410126781,-0.596768481,0.242417285,-0.954417023,0.186318348,1.610262506,0.015133636,-2.013589251,-0.411391979,-0.579916512,-0.23522543,0.729528032,0.827080613,-0.857888634,0.374327624,0.009417578,-0.227429454,-0.064363518,-0.027569615,0.197730999,-1.076754638,-0.42939422,0.246454116,0.007258475,-0.046773798,9.99,0,43.0125
36166.0,-1.348403603,1.112858542,3.009640967,2.646030453,-0.471063505,0.322539838,-0.009655245,-0.039468595,0.175950276,2.131854787,-0.539012061,-1.290794045,-0.83031649,-0.666108512,2.150245487,0.387053894,-0.452392258,0.865643497,0.347744034,0.727025725,0.01241976,0.758462116,-0.170217551,0.353371462,0.124327638,0.379319778,0.329455016,0.027870863,10.01,0,10.046111111111111
118757.0,1.924221116,-0.067248122,-2.655995781,0.650897973,0.777193696,-0.59631546,0.258626821,-0.123245262,1.130355191,-1.066392746,-1.337392737,-1.025664953,-1.67024413,-1.821362525,0.100602546,0.402736912,1.444558241,0.950537724,0.20415248,-0.068696282,-0.203264294,-0.582720062,-0.052232963,-0.246435648,0.225984326,-0.283550654,-0.014328129,0.003507071,90.7,0,32.988055555555555
156263.0,2.033798755,-0.079435702,-2.020480973,0.155098897,0.801086198,-0.349900751,0.450114276,-0.220863769,0.291319185,0.076303026,0.372823785,1.134699548,0.239282799,0.559362619,-0.972995502,-0.446321614,-0.576313356,0.022217902,0.725226371,-0.135443964,0.027168571,0.215921797,-0.036945171,0.232367941,0.426329197,-0.245322579,-0.047700273,-0.06981296,29.99,0,43.40638888888889
133461.0,-0.996253263,1.233623855,-0.081327102,-0.010135511,-0.054720249,-0.960672967,0.368642682,0.186688724,0.111844228,0.10578928,-1.437744093,-0.921165225,-1.824617825,0.799332704,0.47384745,-0.362331756,0.237172519,-0.287161695,1.202794313,-0.209668081,-0.159971662,-0.633832548,-0.010848314,-0.143252849,-0.834793335,0.275483793,-0.24651397,0.105857939,4.48,0,37.0725
71423.0,-0.338761228,0.812479546,1.372485737,1.5208131,0.404457842,0.220659541,0.688004135,0.190332009,-0.83619676,0.176048496,0.181811937,0.558370784,-0.210504134,-0.042557249,-2.15019375,0.738833676,-0.953916401,0.040833985,-0.845737803,-0.146622974,-0.044279319,-0.160493794,0.230304951,-0.035052314,-1.091441438,-0.53585858,0.205679112,0.23226773,43.22,0,19.83972222222222
159625.0,-4.821851371,5.051814704,-2.027709687,2.942229659,-0.765531841,6.174986047,-12.36548265,-25.61447382,-4.362248619,-3.842779237,-0.793967807,2.693866665,-0.999739367,4.209222783,0.766515204,0.445132787,2.817173927,-1.613191433,-1.165032399,6.598329514,-12.30486011,4.753500893,0.691749962,-0.894155135,0.041622445,3.067907431,-0.367346897,0.506198575,0.0,0,44.34027777777778
124279.0,-0.609115696,0.614060496,-2.551551386,-1.037117645,1.149266693,-0.526056794,2.536848115,-0.648276114,-0.247888027,0.380962302,-0.087138296,-0.212471288,-1.212874041,0.864008534,-1.715681584,-0.099757872,-1.048475697,0.193371028,-0.309171305,-0.783077866,0.336227415,1.575935558,0.15845102,0.280814089,-1.004529376,0.255918211,0.212649708,0.255544583,200.0,0,34.52194444444444
164152.0,-1.888939253,1.574066581,-2.219406193,-0.418753836,-0.093477948,-0.331682428,0.154690483,1.071971178,-0.317929697,-0.923531684,-0.397573932,-0.222411006,-1.099522378,0.406301241,0.223329923,0.884852705,0.402853827,1.725342814,0.51494147,-0.511770563,0.394233224,0.838004754,-0.36750105,-1.233026653,-0.369733986,-0.132422298,-0.370458132,0.06396943,102.94,0,45.59777777777778
147394.0,0.110518282,0.831192454,-0.39374315,-0.862921013,0.763155086,-1.753689451,1.510607714,-0.401031268,-0.722178105,-0.476629505,1.289482559,0.543343575,-0.864590594,1.024770215,-0.762605289,-0.570041421,-0.383893698,-0.042129214,-0.01295108,-0.225577763,0.312878862,0.898742316,-0.23626118,0.589295723,0.06489815,0.112392371,-0.020554562,0.012110171,7.7,0,40.94277777777778
21308.0,1.098114669,-0.473032153,0.992274188,-0.719987696,-0.783075259,0.474886739,-0.961383715,0.351748217,2.951318929,-1.353311353,2.531577492,-1.302927168,0.722444901,1.692142997,0.42462932,-0.829360079,0.942962865,0.145091423,-0.080143098,-0.248200002,-0.057135073,0.304774558,0.0234523,-0.344020163,0.269959511,-0.681964688,0.089311713,0.012187293,11.85,0,5.918888888888889
142816.0,2.404663119,-1.12614364,-1.815812769,-2.037459729,-0.179734887,-0.038827593,-0.836926258,-0.205782085,-1.965031797,1.823969075,0.113059936,0.02349527,1.794388952,-0.243284283,-0.5402633,-0.158994663,-0.311117803,0.756923077,0.346369622,-0.318208927,0.054265392,0.6717783,-0.03626653,-0.24929643,0.264687999,0.077711484,-0.012688499,-0.074261008,0.01,0,39.67111111111111
121935.0,1.224280538,-1.010091521,-2.38714871,1.498378239,0.446393133,-0.708583066,1.345093851,-0.525581979,-0.437749319,0.259143582,0.647931236,1.422198296,0.90788616,0.72681043,-1.169788655,-0.421212691,-0.63564035,0.036484288,0.043812335,0.655052633,0.443940072,0.547897685,-0.522243066,-0.262732209,0.506023199,-0.434831075,-0.107394249,-0.004688475,429.4,0,33.87083333333333
152530.0,1.913348912,-0.060851627,-1.820130785,0.587495839,0.072797189,-1.473248964,0.347064309,-0.3890168,0.648474111,-0.49532842,-0.473217572,-0.171608188,-0.389442095,-0.633330827,0.956900944,0.249770868,0.399948517,0.585720603,-0.431055489,-0.07482447,0.233227333,0.65611116,-0.090619116,-0.095278948,0.219483792,-0.106435912,-0.019593086,-0.019283828,80.05,0,42.36944444444445
149744.0,1.88303938,-0.323759261,-0.105341872,1.063506155,-0.292998319,0.750234423,-0.869825999,0.314995134,0.853811676,0.282174896,0.483964043,1.172647111,0.66051267,-0.153321752,0.036248581,0.837085879,-1.169739314,0.786334047,-0.316387499,-0.134733011,0.102859461,0.387969798,0.238368937,0.260447455,-0.303459075,-0.777656662,0.072972529,-0.023537548,22.0,0,41.595555555555556
46438.0,1.0017848,-0.182761729,0.670964213,0.753736846,0.022014662,1.275812403,-0.444907779,0.456221469,0.520841404,-0.427368137,0.555886783,1.229970339,0.313608635,-0.164889966,0.631769878,-1.721245408,1.373665937,-2.679904393,-1.491772688,-0.226632965,0.041521577,0.525895918,0.08757341,-0.565316235,0.206675101,0.517387801,0.060425194,0.002764102,12.31,0,12.899444444444445
154460.0,0.083376336,0.63010084,1.255664406,0.159580517,0.495148755,0.202409532,0.714702342,-0.079478964,-0.104485127,-0.190973595,0.62031379,1.146086036,0.961306137,-0.326773644,-0.746275428,0.464674812,-1.240275641,0.279504923,-0.282603285,-0.025143908,-0.132775196,-0.168175742,0.068358083,-0.454725834,-0.622992752,-1.082203253,-0.036728092,-0.163401014,24.95,0,42.90555555555556
11045.0,1.298544414,-0.147471857,0.307922744,-0.099688934,-0.191025719,0.241102517,-0.625560446,0.07872788,1.699247622,-0.324151491,0.979542462,-2.579900762,1.09050793,1.759953017,0.071899986,1.119643193,-0.401483358,1.198343567,0.404070335,-0.080781899,-0.113906821,-0.137991204,-0.185887207,-1.036925211,0.329181482,1.101003146,-0.100559306,-0.019995076,15.95,0,3.0680555555555555
52750.0,-1.652504777,0.727561119,-0.587404428,1.008996358,-0.431443957,0.229914914,0.781181321,0.653322122,-0.972893753,-0.367384492,0.120829104,1.361230751,1.269506144,0.716408154,-0.680705299,-0.060876038,-0.202475419,0.54626609,1.222728854,0.002686339,0.170597174,0.50344837,-0.194875584,-0.41818077,-0.234157956,-0.304215472,0.278629271,-0.117877377,238.89,0,14.652777777777779
148908.0,2.211465311,-1.758100642,-0.049776756,-1.642597208,-1.726357795,0.273268461,-1.922558457,0.024604742,-0.580698566,1.433436238,-1.76967663,-0.306253692,2.366635225,-1.371435951,0.41436918,0.401194509,-0.313953074,0.831456007,-0.221603047,-0.198738839,0.041332591,0.669447237,0.091764045,-0.969159901,-0.359703468,-0.038235599,0.081731287,-0.025761033,56.0,0,41.36333333333334
67735.0,-1.160011813,1.317461817,1.26681441,0.62766888,-0.359436029,-0.92236632,0.125173406,0.40784075,-0.591384099,-0.442926999,-0.462428271,-0.706416673,-1.03980359,0.196884173,1.634611595,0.152228413,0.651273578,0.179597248,0.972062618,0.066254646,-0.235251116,-0.83500323,-0.149552976,0.323434632,0.01130445,0.285126911,0.05470794,0.027342741,2.58,0,18.815277777777776
158719.0,1.81155513,0.455357573,-0.909507058,3.483604224,1.307650948,1.681017325,-0.011018677,0.405052636,-0.954190456,1.291318834,-0.685531237,-0.082271914,-0.258441853,0.383123717,0.013814954,-0.073527165,0.095087223,-2.144648313,-2.399614068,-0.382874242,-0.206804697,-0.522555129,0.46650358,-0.522734325,-0.454332861,-0.269027392,0.010154744,-0.049652565,4.36,0,44.08861111111111
56217.0,0.738765687,-1.151515189,0.823369418,0.727329398,-1.283854686,0.12000674,-0.456014957,-0.009719252,-0.872842567,0.618541815,-0.247136247,0.55477848,1.507388603,-0.230739307,1.344637572,-1.210529991,-0.183386142,0.997484249,-1.832659143,0.050007911,-0.144007452,-0.442922169,-0.106051009,0.061486765,0.079419725,-0.433874425,0.053261572,0.089002321,273.0,0,15.615833333333333
72155.0,-1.640271602,1.587511912,1.345716792,-1.819083952,0.214886062,-0.78094611,1.194017885,-0.632203132,1.554189451,1.74552641,-0.468448753,-0.258157221,0.317103365,-1.192345438,0.690962394,0.357057987,-1.238433779,-0.403215754,-0.670186874,1.044751821,-0.449443556,-0.305852025,-0.188277701,-0.095512292,-0.034555696,0.690732455,0.389913494,-0.102751939,7.68,0,20.043055555555554
36903.0,1.45220148,-0.48324389,0.017629863,-0.827356133,-0.607039699,-0.581805674,-0.470219287,-0.228335893,-0.809433922,0.626212004,-0.941516632,-0.59187742,0.932560726,-0.329324939,0.707498782,1.277962279,-0.081799193,-1.028053833,0.748834165,0.161649092,0.259884705,0.715284697,-0.272480728,-0.391335513,0.773083505,0.008276823,0.003661963,0.00719999,23.4,0,10.250833333333333
44326.0,-0.420525492,-0.413092242,1.612199975,-3.318558721,-0.707116548,-0.342110277,-0.227035011,0.1333693,-2.264002144,0.623362485,0.133997599,-1.121747127,-0.570827023,-0.247323427,-1.05817754,0.794989845,-0.662372708,0.727873419,-1.246868202,-0.492593543,-0.278126007,-0.658542677,-0.064858303,-0.454522836,-0.21150164,-0.719542565,0.084644332,0.102021419,20.0,0,12.312777777777777
65350.0,1.099831916,0.179667963,0.652446403,1.249324837,-0.267071661,-0.008528991,-0.094588838,0.136081437,-0.056153957,0.072095553,1.511674076,1.249369518,-0.148634304,0.342443486,-0.287777991,-0.274187605,-0.108895113,-0.495783642,-0.273517416,-0.168745788,-0.114111437,-0.221650961,0.058885953,0.202146015,0.395324156,-0.498179918,0.040478375,0.015074758,10.38,0,18.15277777777778
59038.0,-0.43415116,-0.040344958,1.714721256,-2.063159171,-0.892595188,-0.25045972,0.245269131,0.205846782,0.758281512,-1.445472093,1.804772901,1.011627378,-0.278012698,0.238023306,1.425855744,-0.324179318,-0.203462939,0.370747587,0.514552976,0.130823424,0.219540027,0.54581225,0.111419468,0.248940675,-0.234279408,-0.119271311,0.039728893,0.026244987,89.9,0,16.399444444444445
73622.0,0.802979117,-0.643329648,-0.126184752,0.754579969,-0.561225014,-0.636275735,0.367920961,-0.121937221,0.029469848,-0.020262803,0.981071018,0.487502646,-1.108360439,0.634359807,-0.510120398,-0.057001566,-0.200866224,0.028265438,0.354081365,0.27734219,0.108176264,-0.123049992,-0.307195193,0.376170521,0.518626077,0.516943073,-0.105051946,0.027562692,226.0,0,20.450555555555557
130190.0,-1.136870582,1.173565113,0.837808112,1.246157754,2.990120972,4.900046197,-0.364721181,0.503543866,-1.398594544,0.497857331,-0.631710698,-0.492914797,-0.311988927,-0.094409401,-0.565962571,1.466313693,-1.221147746,-0.41279552,-2.337269851,-0.397364841,0.528046784,-1.211675064,-0.069878954,0.592462281,0.432528611,-0.320233375,-0.1109688,-0.066062866,12.36,0,36.16388888888889
149061.0,2.275759022,-0.61587465,-1.744136564,-1.165755757,0.132945619,-0.499769256,-0.293389543,-0.347985883,-0.709845847,0.824013824,-0.984105594,-0.131150576,1.739052821,-0.300185285,0.31546013,0.989658968,-0.155480016,-1.297806399,0.619390089,0.104535893,0.403201049,1.224720668,-0.075686047,0.123456733,0.348983402,0.076493773,-0.032789582,-0.063058266,15.0,0,41.405833333333334
137800.0,-0.611331908,1.510409586,-0.335223497,0.66109625,1.048701612,-0.348432551,1.239978242,-0.070303905,-0.425760736,0.808547376,0.213618864,0.196589971,-0.807794812,0.626716815,-0.898443726,-0.917507726,-0.188929123,0.288099523,1.14064751,0.27581595,0.064975046,0.617106898,-0.34101993,-0.468519575,0.132160523,-0.356103883,0.650507374,0.356115223,8.68,0,38.27777777777778
88045.0,-0.721029583,2.483233979,-0.117632145,4.186722662,0.782185756,1.514124694,-0.7415109,-2.081382333,-2.490011524,0.944506689,-1.925447975,-0.198874128,0.695854764,0.890256624,0.221133317,0.148601925,0.218558174,-0.034238907,1.475538949,0.873626294,-1.461567427,-0.121723009,0.306460508,-0.023054995,-0.843140558,0.031003589,0.308979912,0.257388029,0.0,0,24.456944444444446
130951.0,1.863766965,-0.970884201,-0.977913893,0.803180711,-0.780858056,-0.367223242,-0.420856602,-0.011711321,-0.32558239,1.144967126,0.096508548,-0.055454477,-1.681451317,0.504616609,-1.295696069,-1.794233671,-0.01052619,1.647807194,-0.810998502,-0.614892463,-0.157595158,-0.000582528,0.038271365,-0.05356067,0.065689203,-0.483657316,0.01866044,-0.042752616,100.0,0,36.375277777777775
49700.0,-1.567401202,-0.950655699,1.314181859,-0.063363744,-1.443925217,0.197503809,1.869125904,-0.002641101,-0.213708556,-1.018358529,0.118505225,0.594573818,1.092944388,-0.284449511,0.826133998,0.441500441,-0.499915846,-0.482157045,-1.552409552,1.247393284,0.37309579,0.217982695,1.302565031,0.376284981,-0.146215849,0.182196784,0.092366675,0.152680926,521.15,0,13.805555555555555
42815.0,1.17005517,-0.891557418,1.020658709,-0.707492501,-1.380371207,-0.021096858,-1.100805225,0.170180929,-0.746541245,0.694929058,1.856957043,0.436791728,0.612136157,-0.284829474,0.610756627,1.310603541,0.134598487,-0.915266081,0.057311507,0.201071181,0.511801816,1.327894337,-0.112648837,0.294591866,0.291908918,-0.057272299,0.043040306,0.024751353,66.0,0,11.893055555555556
72168.0,-2.114541593,1.87840378,0.460177234,-0.049134358,-0.504130267,-0.800643502,0.334236369,0.400064483,0.349899099,0.682405267,0.26043892,0.245344659,0.027630026,-0.423870957,1.203059389,0.054796967,0.509761583,-0.731472667,-0.656372739,0.231054065,-0.337943657,-0.591439288,0.320422521,0.334972575,-0.019329437,0.091139643,0.363674646,0.283192534,30.44,0,20.046666666666667
103900.0,0.009283936,0.583046251,-0.956293885,-1.089746568,1.850569842,3.892982545,-1.338210485,1.539721977,1.818225323,-1.398750389,0.944793351,-2.606159667,1.734590669,0.277067475,0.71069595,1.493748614,0.631176462,1.340922226,-1.56935931,-0.258056687,0.192402526,0.581040897,0.26044727,0.545726744,-1.235887055,0.108943464,-0.156847791,-0.013908184,8.27,0,28.86111111111111
165185.0,-1.872786333,0.397890827,1.413801852,1.235461269,-0.720077399,0.479254328,1.313401218,-0.028005927,0.621901244,-0.010162801,-1.441798236,-0.66031694,-1.722458957,-0.235905978,-0.458811541,-0.781802251,0.419967688,-0.533978081,1.316229976,-0.402722886,-0.793520276,-1.321949523,0.338152361,-0.104852147,0.507234359,-0.752728763,0.512496879,0.071555052,216.99,0,45.88472222222222
140797.0,1.652811939,-2.327494239,-2.085257555,-1.744653252,-0.462245371,0.680478573,-0.60006881,0.140528469,-1.757465031,1.620696992,0.744317896,-0.969498275,-1.182608751,0.641638098,0.408702926,-1.030510842,0.908862118,-0.813731462,-0.715939818,-0.023012517,-0.063238482,-0.430168551,0.053540332,-1.706173055,-0.49936058,-0.226448867,-0.042714175,-0.037431337,305.0,0,39.110277777777775
51541.0,-0.812592024,0.92689753,1.220545635,-0.634765019,0.534400521,-0.725816698,0.571492543,0.080229346,-0.437282091,-0.469659818,1.075625797,0.416058512,-0.220591383,-0.29639408,-0.226240552,1.008136151,-0.672045407,0.37744014,-0.516807773,-0.031982463,-0.243807616,-0.760467245,-0.148640631,-0.064680455,0.042722044,-0.053057133,0.096362795,0.053740517,1.79,0,14.316944444444445
116554.0,2.019010069,-0.21552526,-1.212430784,0.231612628,0.007414474,-0.637903153,0.000341577,-0.084809159,0.456710296,0.260809352,0.540034225,0.495639171,-0.987622779,0.662968767,-0.476018834,0.177325194,-0.543254039,-0.229159631,0.492171131,-0.259774742,-0.260673255,-0.7109822,0.299811705,-0.42312981,-0.336934332,0.206628862,-0.079848076,-0.07494771,8.99,0,32.37611111111111
76891.0,-0.339201242,1.178994116,1.306552081,0.055914041,0.077857585,-0.966067133,0.759246881,-0.109195368,-0.4897833,-0.530739879,-0.104928791,0.250971433,0.738972753,-0.55299837,0.825518244,0.353400225,-0.026930374,-0.214947779,-0.095693611,0.153973982,-0.256517514,-0.638027504,-0.021454543,0.35120839,-0.139561023,0.069748451,0.249621474,0.099602322,3.87,0,21.35861111111111
153507.0,-0.284705828,1.282163445,-0.07820314,-0.1343892,-0.170046348,-1.808774641,0.768982309,0.034052303,-0.322082937,-0.518883043,-0.196288744,0.676566475,0.412969581,0.69253263,0.294950618,-0.607005619,-0.009233595,-0.1568549,-0.305907745,-0.134804517,0.474616911,1.537590593,0.020269563,0.984531934,-0.86913809,-0.276679923,0.390320392,0.270226179,0.99,0,42.64083333333333
58242.0,-0.253136846,-0.247507204,1.222473021,-0.802274354,-0.558344942,-0.811129838,0.832380151,-0.510597193,-1.534012756,0.509799288,-0.189461728,-0.713342741,0.829822581,-0.430159241,0.720492025,0.525845111,0.381450345,-1.173983146,1.290238085,0.651614305,0.389180116,0.997210036,0.133543228,0.438549052,-0.252536383,-0.157955348,-0.057830399,-0.055185626,145.85,0,16.178333333333335
147415.0,-1.182982986,2.406816105,-0.021267372,4.211767469,0.235606398,0.810250308,-0.047333515,0.97874274,-2.330010124,1.914959401,0.394738611,0.47196667,0.395525373,0.975336401,-0.413292406,0.053902839,0.278578142,0.216160059,1.61059847,0.184127868,-0.06702471,-0.332220255,0.28159301,0.714495448,-0.858643487,-0.035032143,0.048368299,0.225921474,10.8,0,40.94861111111111
144147.0,2.024242811,0.481115606,-2.528354718,0.566531086,0.764822348,-1.18721278,0.214485633,-0.183154196,0.354128917,-1.022762489,1.499134997,0.065378176,-0.567494001,-2.250923874,0.504264761,1.050127484,1.460491862,1.871692033,-0.326846134,-0.169897016,0.122749845,0.504544205,-0.096247843,-0.694971247,0.248215303,-0.08845979,0.015504724,-0.008074004,1.0,0,40.04083333333333
56727.0,1.099813059,0.1277054,0.198405144,0.97273356,-0.294383327,-0.138711712,-0.283350913,0.197978306,0.379289835,-0.637203365,1.645473857,0.803766744,-0.761076048,-1.238132126,-0.649508965,-0.03091599,1.26275879,0.069671926,-0.160151351,-0.129985309,-0.09283643,-0.048928214,-0.047772505,0.151087628,0.402129461,0.412605791,0.011453518,0.030533941,12.31,0,15.7575
82111.0,-0.970236379,1.10095931,-0.984512781,-1.174031966,-0.215554687,-0.127285854,0.11339941,0.908709741,0.00981621,-0.492745342,-1.985954781,-1.045193336,-1.404577401,1.078244011,1.102226278,0.373576035,-0.003037509,-0.248540435,0.419528156,-0.076173557,-0.047765101,-0.246262794,0.035641764,-1.287593294,-0.444406396,1.312965477,0.113097434,0.016828554,69.98,0,22.808611111111112
57965.0,1.040691439,-0.056040234,0.132970455,0.687002269,-0.465726223,-1.09916684,0.376830643,-0.165555671,-0.033965639,-0.099443765,0.262685658,-0.166094305,-1.411961693,0.827973554,1.130905932,-0.347363998,0.301955707,-1.322809218,-0.468168247,-0.068835407,-0.286123294,-1.082186278,0.184771804,0.561408601,0.065838297,0.130913595,-0.071224467,0.023049425,89.9,0,16.101388888888888
40257.0,-1.253694513,0.490067596,1.532923462,-0.960645921,0.700374685,-1.519239847,0.565158762,-0.180469063,-0.050544926,-0.678917833,-0.673377191,-0.147344859,-0.490079946,0.090852922,-0.128827287,0.866826786,-1.052116265,-0.530408853,-1.649875758,-0.508872735,-0.183374916,-0.642253985,-0.174192804,0.356790873,-0.384878712,-0.285478338,-0.120255509,0.096008269,1.98,0,11.1825
91369.0,-0.747291305,0.561746711,1.742923942,-0.410690894,0.162478617,-0.346204269,0.356015488,-0.330347337,1.991930145,-0.540401679,0.008574664,-2.285703483,2.27813582,0.646920398,-0.759440692,0.043290194,0.072256396,0.265611773,-0.661365236,-0.022594032,0.072110534,0.922935846,-0.315786936,0.019912826,-0.414675666,0.511948261,-0.027760478,-0.002819926,29.99,0,25.380277777777778
136383.0,-1.534563545,0.46885127,-0.970710529,-0.439146943,0.471610421,0.888590224,-0.023464904,1.117140354,-0.292770716,-0.789773014,0.540321238,0.36658588,-1.325759898,1.432827193,0.582655112,-0.807459983,0.537484553,-0.372447217,-0.583596966,-0.580747636,0.637800035,1.686470592,-0.313941571,-1.367502589,-0.639799675,0.007396912,-0.161485568,-0.056704487,84.19,0,37.884166666666665
156780.0,1.963933672,-1.064562498,-0.790225698,-0.58119049,-0.730493219,0.112824491,-0.878836915,0.135542709,-0.139518959,0.873246411,0.291552565,0.166808431,-0.376563162,0.363509569,0.538393376,-0.690713764,-0.861215184,2.031696777,-0.54133503,-0.46854946,-0.467879071,-1.104548805,0.387664401,0.15925015,-0.590509393,-0.68655171,0.021962921,-0.02201779,82.99,0,43.55
151980.0,2.014397956,-0.038845792,-0.98763751,0.314204117,-0.059599991,-0.923642853,0.137257765,-0.23913237,0.154554139,0.218794462,1.177155711,1.582892496,0.761839896,0.318498438,-0.754978068,0.026493914,-0.550596004,-0.502790389,0.395280329,-0.166193436,-0.222558571,-0.503761935,0.33015273,0.099308336,-0.313719344,0.170069799,-0.069111142,-0.067541503,1.29,0,42.21666666666667
135852.0,-0.771009785,1.874881621,0.316805608,2.37541455,1.485940455,0.830408852,0.925702013,0.249088312,-1.944435253,1.174514966,-0.000474188,0.537459443,0.758750884,0.196400787,-2.049332404,0.996360375,-1.225423989,-0.174178433,-1.057119288,-0.246251782,-0.067349529,-0.367485601,0.109460208,0.158442354,-0.90449679,-0.56524421,-0.50924422,-0.075745556,1.58,0,37.736666666666665
70126.0,1.277555552,-0.610815881,0.892277751,-0.544744504,-1.359652386,-0.732516106,-0.66055326,-0.194665444,-0.792412224,0.568565789,-0.240046305,0.718484943,1.977907596,-0.44159436,1.008251138,-0.974182826,-0.275268247,0.880359238,-0.893131692,-0.273881638,-0.432290945,-0.800227082,0.145739446,0.441356196,-0.051300644,0.848746209,-0.027360557,0.032347733,51.11,0,19.479444444444443
144493.0,2.068835022,-1.136727634,-0.324444404,-0.860117165,-1.362875192,-0.562176232,-1.158420458,0.119199223,0.076329574,0.915753986,0.818026015,-0.557368679,-1.598274214,0.106364825,-0.254487876,1.450677886,0.05956808,-0.925972565,0.81229645,-0.112152966,0.008804555,-0.10420852,0.399068883,-0.055734339,-0.619071141,-0.500541069,-0.001952952,-0.050841379,26.28,0,40.136944444444445
109263.0,1.833227415,0.364711482,0.451165543,4.091916812,-0.227508888,0.374195778,-0.583237199,0.02341693,0.954938225,0.973327532,-0.319594437,-2.432288255,2.180155523,1.081665305,-1.323657925,1.086353675,-0.151795042,0.166036328,-2.024907444,-0.275786432,0.041577065,0.48568517,0.18912312,-0.084402013,-0.264452616,-0.00994453,-0.006483718,-0.03453453,18.96,0,30.350833333333334
83350.0,1.295344904,0.270522972,0.314077555,0.499626913,-0.195986526,-0.696687144,0.083502797,-0.200520464,0.007864602,-0.078899448,-0.581059396,0.455317145,0.873173459,0.115768195,1.016637233,0.426001484,-0.630988669,-0.437551566,0.065580429,-0.046577465,-0.284665437,-0.797689273,0.069082711,-0.107027522,0.299797031,0.123891924,-0.02666722,0.01501109,1.98,0,23.15277777777778
167602.0,2.033683249,-0.027729355,-0.884669598,0.513840911,-0.337297105,-1.452432723,0.201959032,-0.369369494,0.492799285,0.069060192,-0.341527032,0.647636724,0.121451889,0.274460818,-0.005305174,-0.23442006,-0.142276174,-1.02344972,-0.013549377,-0.230688305,-0.260334893,-0.610400446,0.391216777,0.463331974,-0.350036762,0.169396638,-0.069226173,-0.055465909,1.29,0,46.556111111111115
33823.0,-0.552155072,1.32854788,0.841709214,0.721366918,0.081750382,-0.289918968,0.39054013,0.390521997,-1.158930346,-0.291624663,0.831724432,0.925631908,0.649177097,0.719325764,0.229184659,0.059502636,-0.423329027,0.677888282,0.836180521,-0.057821209,0.23632504,0.601101131,-0.174093737,0.036208604,-0.200373027,-0.331778921,0.048456198,0.089728792,7.5,0,9.395277777777778
36960.0,1.167130195,-0.060249182,0.704566333,0.826946849,-0.70337515,-0.39775746,-0.248168411,0.047734175,0.38722726,-0.036615068,1.046083155,1.075822986,-0.471227009,0.074520919,-1.084089087,-0.215319997,-0.070645464,-0.099744843,0.401778068,-0.136573755,-0.026587138,0.120108084,-0.072364855,0.601925464,0.519100403,0.408671998,-0.021391492,0.002289409,6.99,0,10.266666666666667
55326.0,-1.435843864,0.372467996,1.526811494,-1.628173689,-1.265585919,0.131469337,-0.385453047,-2.730748864,-1.735721251,-0.798762338,0.050612392,-0.473609846,-0.27107517,0.17512994,0.437203186,1.248744257,0.528321684,-2.008822494,-0.575427085,0.65920457,-1.26670888,0.107082348,-0.530021395,0.391453939,-0.107221523,-0.58677052,0.156965454,0.061043928,264.39,0,15.368333333333334
143400.0,2.033466276,0.030795558,-1.68823788,0.459040212,0.315593683,-0.687101285,-0.010607163,-0.142698273,0.967477085,-0.594037899,-0.838205502,-0.163729611,-0.441295476,-0.957632534,0.583434547,0.309148438,0.457468762,0.468803251,-0.08364996,-0.17560282,-0.084473489,-0.115431549,0.132055674,0.358183869,0.048077753,-0.356296768,0.006494503,-0.016702933,15.91,0,39.833333333333336
